{"cameraMode":{"drawMode":0,"name":"Shaded","section":"Shading Mode"},"sceneLighting":true,"audioPlay":false,"sceneViewState":{"m_AlwaysRefresh":false,"showFog":true,"showSkybox":true,"showFlares":true,"showImageEffects":true,"showParticleSystems":true,"showVisualEffectGraphs":true,"m_FxEnabled":true},"in2DMode":false,"pivot":{"x":0.5163847804069519,"y":1.026580810546875,"z":7.4306254386901859},"rotation":{"x":0.0036280190106481315,"y":-0.977200984954834,"z":0.21166680753231049,"w":0.016717340797185899},"size":6.984035015106201,"orthographic":false}