{"cameraMode":{"drawMode":0,"name":"Shaded","section":"Shading Mode"},"sceneLighting":true,"audioPlay":false,"sceneViewState":{"m_AlwaysRefresh":false,"showFog":true,"showSkybox":true,"showFlares":true,"showImageEffects":true,"showParticleSystems":true,"showVisualEffectGraphs":true,"m_FxEnabled":true},"in2DMode":false,"pivot":{"x":1.0052919387817383,"y":4.851979732513428,"z":10.306946754455567},"rotation":{"x":-0.005963906645774841,"y":-0.9916985034942627,"z":0.1183815598487854,"w":-0.05001765117049217},"size":0.3832858204841614,"orthographic":false}